{"Bobby Portis":{"Projection":32.6209153846154, "DKOwn":22.20, "FDOwn":46.50},"Dennis Schroder":{"Projection":31.4397377622378, "DKOwn":27.20, "FDOwn":38.40},"Khris Middleton":{"Projection":38.4566145895815, "DKOwn":9.30, "FDOwn":37.70},"Damian Lillard":{"Projection":46.1284291442744, "DKOwn":18.60, "FDOwn":35.10},"D'Angelo Russell":{"Projection":33.5449597739789, "DKOwn":24.80, "FDOwn":30.80},"Sam Hauser":{"Projection":24.4465206293706, "DKOwn":47.00, "FDOwn":29.80},"Mike Conley":{"Projection":28.5436881913999, "DKOwn":10.20, "FDOwn":28.00},"Scottie Barnes":{"Projection":43.0087686170786, "DKOwn":13.50, "FDOwn":26.40},"RJ Barrett":{"Projection":34.8174377622378, "DKOwn":21.40, "FDOwn":25.20},"Jaylen Brown":{"Projection":43.1517533648866, "DKOwn":23.60, "FDOwn":23.60},"LeBron James":{"Projection":48.2110394150726, "DKOwn":11.20, "FDOwn":22.50},"Jonathan Isaac":{"Projection":18.289939605768, "DKOwn":21.10, "FDOwn":21.60},"Joe Ingles":{"Projection":18.5588543147431, "DKOwn":21.80, "FDOwn":20.50},"Jaden McDaniels":{"Projection":22.242605132152, "DKOwn":3.90, "FDOwn":20.50},"Thaddeus Young":{"Projection":20.7297723776224, "DKOwn":10.60, "FDOwn":19.80},"Brook Lopez":{"Projection":32.0706478020103, "DKOwn":18.20, "FDOwn":19.70},"Malik Beasley":{"Projection":23.2557502546759, "DKOwn":4.10, "FDOwn":19.60},"Immanuel Quickley":{"Projection":36.4337326480016, "DKOwn":19.30, "FDOwn":19.00},"Bam Adebayo":{"Projection":44.3977861604885, "DKOwn":11.10, "FDOwn":18.10},"Paolo Banchero":{"Projection":43.9487173260465, "DKOwn":13.10, "FDOwn":17.70},"Zion Williamson":{"Projection":36.827856087526, "DKOwn":8.90, "FDOwn":16.00},"Payton Pritchard":{"Projection":24.7226475524475, "DKOwn":51.10, "FDOwn":15.80},"Austin Reaves":{"Projection":30.6098803292522, "DKOwn":7.70, "FDOwn":15.20},"Karl-Anthony Towns":{"Projection":39.3891388111888, "DKOwn":19.60, "FDOwn":14.70},"Donovan Mitchell":{"Projection":49.233673951049, "DKOwn":17.30, "FDOwn":14.50},"Jayson Tatum":{"Projection":50.425987591872, "DKOwn":26.20, "FDOwn":14.00},"Pat Connaughton":{"Projection":17.6591690559441, "DKOwn":4.30, "FDOwn":13.60},"Julius Randle":{"Projection":41.5263886363636, "DKOwn":8.30, "FDOwn":13.00},"Jarrett Allen":{"Projection":39.6419609400389, "DKOwn":9.30, "FDOwn":12.40},"Anthony Edwards":{"Projection":43.6548337000521, "DKOwn":22.70, "FDOwn":12.30},"Donte DiVincenzo":{"Projection":25.7362772727273, "DKOwn":3.20, "FDOwn":11.40},"Jrue Holiday":{"Projection":33.9812988655864, "DKOwn":33.30, "FDOwn":10.60},"Jalen Green":{"Projection":28.3459726305833, "DKOwn":12.50, "FDOwn":10.20},"Anthony Davis":{"Projection":52.4102545327451, "DKOwn":22.10, "FDOwn":9.70},"Luke Kornet":{"Projection":18.2035416083916, "DKOwn":15.00, "FDOwn":9.60},"Devin Vassell":{"Projection":30.3940184070303, "DKOwn":5.10, "FDOwn":9.40},"Jalen Johnson":{"Projection":33.9231800154176, "DKOwn":6.20, "FDOwn":9.30},"Isaac Okoro":{"Projection":21.2229516014869, "DKOwn":12.20, "FDOwn":9.20},"Max Strus":{"Projection":27.3494462339328, "DKOwn":5.10, "FDOwn":8.30},"Jeremy Sochan":{"Projection":25.5358251114234, "DKOwn":7.40, "FDOwn":8.10},"Tre Jones":{"Projection":26.8092102820422, "DKOwn":5.20, "FDOwn":8.00},"Dalano Banton":{"Projection":15.1885856643357, "DKOwn":10.90, "FDOwn":7.90},"Isaiah Hartenstein":{"Projection":32.6335311188811, "DKOwn":4.70, "FDOwn":7.80},"Jalen Brunson":{"Projection":40.2300597902098, "DKOwn":10.60, "FDOwn":7.80},"Cole Anthony":{"Projection":24.9927008497213, "DKOwn":2.30, "FDOwn":7.70},"Alperen Sengun":{"Projection":40.2062200364532, "DKOwn":17.40, "FDOwn":7.60},"Trey Murphy III":{"Projection":23.9913125874126, "DKOwn":4.00, "FDOwn":7.50},"Al Horford":{"Projection":27.8802015734266, "DKOwn":21.00, "FDOwn":7.30},"Larry Nance Jr.":{"Projection":21.0371664335664, "DKOwn":1.30, "FDOwn":7.30},"Rudy Gobert":{"Projection":34.7562415966776, "DKOwn":11.80, "FDOwn":6.70},"Goga Bitadze":{"Projection":24.4390510788784, "DKOwn":11.00, "FDOwn":6.70},"Jimmy Butler":{"Projection":35.8168799278862, "DKOwn":3.80, "FDOwn":6.40},"Jalen Suggs":{"Projection":26.0596164335664, "DKOwn":3.90, "FDOwn":6.30},"OG Anunoby":{"Projection":27.6898468531469, "DKOwn":1.60, "FDOwn":6.10},"Taurean Prince":{"Projection":20.113394086112, "DKOwn":7.30, "FDOwn":5.40},"Gary Trent Jr.":{"Projection":19.8346374125874, "DKOwn":4.40, "FDOwn":5.40},"Fred Vanvleet":{"Projection":34.7057316656934, "DKOwn":6.30, "FDOwn":5.30},"PJ Washington":{"Projection":23.984572027972, "DKOwn":6.10, "FDOwn":5.30},"CJ Mccollum":{"Projection":34.1705532229396, "DKOwn":2.50, "FDOwn":5.20},"Bogdan Bogdanovic":{"Projection":26.8886912244797, "DKOwn":4.90, "FDOwn":5.20},"Dillon Brooks":{"Projection":21.0898909118826, "DKOwn":3.60, "FDOwn":5.10},"Jontay Porter":{"Projection":19.4374746503497, "DKOwn":2.90, "FDOwn":5.10},"Herbert Jones":{"Projection":23.7943120464879, "DKOwn":3.90, "FDOwn":5.10},"Jabari Smith Jr.":{"Projection":27.796381993007, "DKOwn":7.00, "FDOwn":4.70},"Nick Richards":{"Projection":24.2009756019026, "DKOwn":3.70, "FDOwn":4.40},"Luka Doncic":{"Projection":52.4441399401248, "DKOwn":10.60, "FDOwn":4.30},"Killian Hayes":{"Projection":24.0887479715434, "DKOwn":4.40, "FDOwn":4.10},"Sam Merrill":{"Projection":20.170040034965, "DKOwn":2.60, "FDOwn":4.10},"Kyrie Irving":{"Projection":43.4367708041958, "DKOwn":7.10, "FDOwn":4.00},"Alec Burks":{"Projection":23.0356950196141, "DKOwn":2.60, "FDOwn":4.00},"Miles Bridges":{"Projection":32.6327817307129, "DKOwn":2.80, "FDOwn":3.90},"Kyle Lowry":{"Projection":19.1055927390161, "DKOwn":6.70, "FDOwn":3.80},"Terry Rozier":{"Projection":34.4661641566354, "DKOwn":3.70, "FDOwn":3.70},"Onyeka Okongwu":{"Projection":22.966834302105, "DKOwn":7.60, "FDOwn":3.70},"Saddiq Bey":{"Projection":24.9142255031585, "DKOwn":1.90, "FDOwn":3.60},"Trae Young":{"Projection":43.8134693602562, "DKOwn":3.60, "FDOwn":3.40},"Chuma Okeke":{"Projection":19.1396737762238, "DKOwn":3.90, "FDOwn":3.40},"Derrick Jones Jr.":{"Projection":24.7999248251748, "DKOwn":4.20, "FDOwn":3.20},"Markelle Fultz":{"Projection":22.0875451048951, "DKOwn":1.30, "FDOwn":3.20},"Lamelo Ball":{"Projection":40.1201352421897, "DKOwn":4.00, "FDOwn":3.00},"Caleb Martin":{"Projection":23.4064982517483, "DKOwn":3.80, "FDOwn":2.80},"Rui Hachimura":{"Projection":19.4635120705874, "DKOwn":1.20, "FDOwn":2.80},"Dejounte Murray":{"Projection":33.6936520738589, "DKOwn":1.70, "FDOwn":2.70},"Tyler Herro":{"Projection":34.7235246577319, "DKOwn":2.80, "FDOwn":2.50},"Brandon Ingram":{"Projection":34.3205683667172, "DKOwn":1.20, "FDOwn":2.40},"Caris Levert":{"Projection":30.1778713286713, "DKOwn":6.30, "FDOwn":2.40},"Keldon Johnson":{"Projection":28.3251927617709, "DKOwn":2.90, "FDOwn":2.40},"Tim Hardaway Jr.":{"Projection":27.4110104895105, "DKOwn":0.80, "FDOwn":2.00},"Josh Richardson":{"Projection":19.4210571476504, "DKOwn":0.40, "FDOwn":2.00},"Isaiah Stewart":{"Projection":22.576085026652, "DKOwn":0.60, "FDOwn":1.90},"Dereck Lively II":{"Projection":24.7856772431365, "DKOwn":1.80, "FDOwn":1.80},"Bojan Bogdanovic":{"Projection":28.2983106049737, "DKOwn":1.60, "FDOwn":1.70},"Josh Hart":{"Projection":21.7878293706294, "DKOwn":6.30, "FDOwn":1.70},"Clint Capela":{"Projection":28.0879455748873, "DKOwn":3.50, "FDOwn":1.60},"Chris Boucher":{"Projection":17.6448587412587, "DKOwn":1.30, "FDOwn":1.60},"Cody Martin":{"Projection":20.7579791958042, "DKOwn":2.70, "FDOwn":1.50},"Dean Wade":{"Projection":19.692821486014, "DKOwn":1.00, "FDOwn":1.50},"Maxi Kleber":{"Projection":15.7216783216783, "DKOwn":1.40, "FDOwn":1.40},"Dwight Powell":{"Projection":20.2460381118881, "DKOwn":2.60, "FDOwn":1.00},"Haywood Highsmith":{"Projection":18.4671597902098, "DKOwn":1.70, "FDOwn":1.00},"Grant Williams":{"Projection":18.5698966783217, "DKOwn":2.90, "FDOwn":1.00},"Nikola Jovic":{"Projection":20.0143667832168, "DKOwn":0.20, "FDOwn":1.00},"Cedi Osman":{"Projection":16.9508548951049, "DKOwn":1.50, "FDOwn":0.90},"Jalen Mcdaniels":{"Projection":15.0748756993007, "DKOwn":1.90, "FDOwn":0.90},